stim,c,phase
familiarization/9.png,NA,fam
familiarization/14.png,NA,fam
familiarization/15.png,NA,fam
familiarization/16.png,NA,fam
familiarization/17.png,NA,fam
familiarization/16.png,NA,fam
familiarization/15.png,NA,fam
familiarization/14.png,NA,fam
familiarization/9.png,NA,fam
familiarization/4.png,NA,fam
familiarization/3.png,NA,fam
familiarization/2.png,NA,fam
familiarization/1.png,NA,fam
familiarization/2.png,NA,fam
familiarization/3.png,NA,fam
familiarization/4.png,NA,fam
familiarization/9.png,NA,fam
familiarization/10.png,NA,fam
familiarization/11.png,NA,fam
familiarization/12.png,NA,fam
familiarization/13.png,NA,fam
familiarization/12.png,NA,fam
familiarization/11.png,NA,fam
familiarization/10.png,NA,fam
familiarization/9.png,NA,fam
familiarization/8.png,NA,fam
familiarization/7.png,NA,fam
familiarization/6.png,NA,fam
familiarization/5.png,NA,fam
familiarization/6.png,NA,fam
familiarization/7.png,NA,fam
familiarization/8.png,NA,fam
familiarization/9.png,NA,fam
